Id,Expected
01216683570.wav,0 2
00433588573.wav,0 2
00381534896.wav,0 2
01635825413.wav,0 2
00325117692.wav,0 2
00666057941.wav,0 2
00317297862.wav,0 2
02078463358.wav,0 2
00528453866.wav,0 2
01937216541.wav,0 2
01121625636.wav,0 2
00975407829.wav,0 2
01732173307.wav,0 2
00852100931.wav,0 2
00886929470.wav,0 2
00201306814.wav,0 2
01770405984.wav,0 2
01387207981.wav,0 2
00434291147.wav,0 2
01547085182.wav,0 2
01413094770.wav,0 2
00848248623.wav,0 2
00674994132.wav,0 2
01989729451.wav,0 2
00079841406.wav,0 2
01976429518.wav,0 2
01774494371.wav,0 2
00669688184.wav,0 2
01950191087.wav,0 2
01748216819.wav,0 2
00654499876.wav,0 2
01497217798.wav,0 2
00986916389.wav,0 2
02060792162.wav,0 2
01326673647.wav,0 2
01516862626.wav,0 2
01819039454.wav,0 2
01734503471.wav,0 2
01885271037.wav,0 2
01485866837.wav,0 2
01227805582.wav,0 2
01933823996.wav,0 2
01283916030.wav,0 2
00028260171.wav,0 2
00844296271.wav,0 2
01295599313.wav,0 2
00446674865.wav,0 2
00195391997.wav,0 2
01143571767.wav,0 2
01091173613.wav,0 2
02085157423.wav,0 2
00482778545.wav,0 2
01670014613.wav,0 2
00727963292.wav,0 2
01259129668.wav,0 2
00842615093.wav,0 2
01359753554.wav,0 2
01291633012.wav,0 2
00374424851.wav,0 2
01594497450.wav,0 2
01016145215.wav,0 2
00672077957.wav,0 2
00808602677.wav,0 2
00415501498.wav,0 2
00067555941.wav,0 2
01603233017.wav,0 2
01810264778.wav,0 2
01536846736.wav,0 2
00767432645.wav,0 2
01852000727.wav,0 2
00911230236.wav,0 2
02051656070.wav,0 2
00438558654.wav,0 2
00503334717.wav,0 2
00467250542.wav,0 2
00372674423.wav,0 2
01535317821.wav,0 2
01692829137.wav,0 2
00860010471.wav,0 2
01273340143.wav,0 2
01040443684.wav,0 2
00491257286.wav,0 2
00545599971.wav,0 2
00522995283.wav,0 2
00595100039.wav,0 2
00889240255.wav,0 2
00492766242.wav,0 2
01943619652.wav,0 2
00301736970.wav,0 2
01096620042.wav,0 2
00205710511.wav,0 2
01788087552.wav,0 2
00438493707.wav,0 2
00813149475.wav,0 2
01256537375.wav,0 2
02037341910.wav,0 2
00566287049.wav,0 2
01113070513.wav,0 2
00598620339.wav,0 2
00289255458.wav,0 2
02108843245.wav,0 2
01953560509.wav,0 2
01486213398.wav,0 2
00692689046.wav,0 2
00255683302.wav,0 2
01119130451.wav,0 2
01580696558.wav,0 2
00920884299.wav,0 2
01773424449.wav,0 2
00560860284.wav,0 2
00942795699.wav,0 2
00788693218.wav,0 2
00507601418.wav,0 2
00640737974.wav,0 2
00792611212.wav,0 2
02134024654.wav,0 2
00279660397.wav,0 2
00088294879.wav,0 2
00783144820.wav,0 2
01782115754.wav,0 2
01367673465.wav,0 2
01473176099.wav,0 2
01961219330.wav,0 2
00466810259.wav,0 2
00006739039.wav,0 2
00221692078.wav,0 2
02012945149.wav,0 2
00292059395.wav,0 2
00595465846.wav,0 2
01858296450.wav,0 2
00929336318.wav,0 2
01694334983.wav,0 2
00137953143.wav,0 2
01773493062.wav,0 2
00111322743.wav,0 2
01238214947.wav,0 2
01946855202.wav,0 2
01635628523.wav,0 2
01012809493.wav,0 2
01287672337.wav,0 2
00709928573.wav,0 2
01981630615.wav,0 2
01849340453.wav,0 2
00440638672.wav,0 2
01641793809.wav,0 3
00823205185.wav,0 3
01088623845.wav,0 3
01375080947.wav,0 3
00289274754.wav,0 3
00021120961.wav,0 3
01222942552.wav,0 3
00788664460.wav,0 3
01396669570.wav,0 3
01102895589.wav,0 3
01459819273.wav,0 3
02043023803.wav,0 3
01433060774.wav,0 3
00660985684.wav,0 3
01906518945.wav,0 3
00671752242.wav,0 3
01841901116.wav,0 3
01925962179.wav,0 3
00199920660.wav,0 3
01640339012.wav,0 3
01427129628.wav,0 3
01260853052.wav,0 3
00959247420.wav,0 3
01793309414.wav,0 3
00870277074.wav,0 3
01349983124.wav,0 3
02005952417.wav,0 3
01544509106.wav,0 3
00566792781.wav,0 3
01008979069.wav,0 3
01068846006.wav,0 3
01307170567.wav,0 3
00460991016.wav,0 3
00985441945.wav,0 3
00761403935.wav,0 3
00681815306.wav,0 3
00271020354.wav,0 3
00570424209.wav,0 3
00998205867.wav,0 3
00855911446.wav,0 3
01050797689.wav,0 3
02029610559.wav,0 3
00211262514.wav,0 3
00791436023.wav,0 3
01927694923.wav,0 3
00008056918.wav,0 3
01230491561.wav,0 3
00541921480.wav,0 3
00859067334.wav,0 3
01733829394.wav,0 3
01132758479.wav,0 3
01371160906.wav,0 3
01813784908.wav,0 3
00310194115.wav,0 3
00946886229.wav,0 3
01845684261.wav,0 3
00490594468.wav,0 3
01820123572.wav,0 3
01091232086.wav,0 3
00858817475.wav,0 3
01837730277.wav,0 3
00292796286.wav,0 3
00822355715.wav,0 3
00264045442.wav,0 3
01135256359.wav,0 3
00453209252.wav,0 3
01006732091.wav,0 3
01530531445.wav,0 3
00791461428.wav,0 3
00078709465.wav,0 3
01633798017.wav,0 3
01714746853.wav,0 3
00621636203.wav,0 3
00891293959.wav,0 3
01734783762.wav,0 3
01769631210.wav,0 3
01756008690.wav,0 3
01946167476.wav,0 3
00574766189.wav,0 3
00327200033.wav,0 3
00186163645.wav,0 3
00932066332.wav,0 3
00108407188.wav,0 3
00237574546.wav,0 3
01749410895.wav,0 3
01961713069.wav,0 3
02007057004.wav,0 3
00303901948.wav,0 3
00729874967.wav,0 3
02106268797.wav,0 3
01783367231.wav,0 3
01604698395.wav,0 3
00409747678.wav,0 3
01235031350.wav,0 3
01000446866.wav,0 3
01853047970.wav,0 3
00480842127.wav,0 3
01729306494.wav,0 3
01111890574.wav,0 3
01601115831.wav,0 3
00144516673.wav,0 3
01260328342.wav,0 3
01684550663.wav,0 3
02140711329.wav,0 3
00077969197.wav,0 3
00360639360.wav,0 3
01157839760.wav,0 3
00885584730.wav,0 3
00417512335.wav,0 3
01403586300.wav,0 3
00188632353.wav,0 3
00904474725.wav,0 3
00042582409.wav,0 3
01278188632.wav,0 3
01427307386.wav,0 3
01325829143.wav,0 3
01426842540.wav,0 3
00978839484.wav,0 3
02049580472.wav,0 3
00737796816.wav,0 3
00357927505.wav,0 3
02093835730.wav,0 3
00587004034.wav,0 3
00658346534.wav,0 3
01404799720.wav,0 3
01082841622.wav,0 3
00482792942.wav,0 3
00933756132.wav,0 3
01583361073.wav,0 3
01078858464.wav,0 3
02027308543.wav,0 3
02062794969.wav,0 3
01684907990.wav,0 3
00700230407.wav,0 3
01139443857.wav,0 3
01325389481.wav,0 3
00437708667.wav,0 3
01665080300.wav,0 3
01046317979.wav,0 3
01351372575.wav,0 3
01114986956.wav,0 3
00830357922.wav,0 3
00953864622.wav,0 3
00288926127.wav,0 3
01261683511.wav,0 4
01860185439.wav,0 4
00629273456.wav,0 4
02124711295.wav,0 4
00637669521.wav,0 4
00596208225.wav,0 4
00425308641.wav,0 4
01669083918.wav,0 4
02039987186.wav,0 4
01654934191.wav,0 4
00712758450.wav,0 4
00017388571.wav,0 4
01177446199.wav,0 4
01143223706.wav,0 4
00868174378.wav,0 4
00901147629.wav,0 4
00550951775.wav,0 4
00900119116.wav,0 4
00778445669.wav,0 4
00796970282.wav,0 4
01829473851.wav,0 4
02051118805.wav,0 4
01600569396.wav,0 4
02042239137.wav,0 4
01358314812.wav,0 4
01045413276.wav,0 4
00513560684.wav,0 4
00119001897.wav,0 4
02047977015.wav,0 4
01858832421.wav,0 4
01208560288.wav,0 4
01639759457.wav,0 4
00321409778.wav,0 4
01661195546.wav,0 4
02126263871.wav,0 4
01380641585.wav,0 4
01156962083.wav,0 4
00211934525.wav,0 4
00215776456.wav,0 4
01580669912.wav,0 4
01060852282.wav,0 4
00742398319.wav,0 4
01033887496.wav,0 4
00275558107.wav,0 4
00235741377.wav,0 4
01650428310.wav,0 4
01752734013.wav,0 4
00654350842.wav,0 4
00474291459.wav,0 4
00052419252.wav,0 4
01412890622.wav,0 4
00801225046.wav,0 4
01535428661.wav,0 4
00643708605.wav,0 4
01645600553.wav,0 4
01977419390.wav,0 4
01723555138.wav,0 4
00373473053.wav,0 4
00379446360.wav,0 4
00220654375.wav,0 4
00441164885.wav,0 4
01207555091.wav,0 4
01124241216.wav,0 4
01978286954.wav,0 4
00870716954.wav,0 4
01112156686.wav,0 4
01384229134.wav,0 4
00730775906.wav,0 4
00985457385.wav,0 4
01962076687.wav,0 4
00712051470.wav,0 4
02000817616.wav,0 4
00628565919.wav,0 4
00913180829.wav,0 4
00433496049.wav,0 4
01304616898.wav,0 4
00565615554.wav,0 4
01316076621.wav,0 4
01415503580.wav,0 4
00330363745.wav,0 4
00645639599.wav,0 4
00567532553.wav,0 4
00929757083.wav,0 4
01504654818.wav,0 4
00964057774.wav,0 4
01849378518.wav,0 4
00008989777.wav,0 4
00760975427.wav,0 4
01199131701.wav,0 4
00678916500.wav,0 4
00132749970.wav,0 4
01244483376.wav,0 4
01868927209.wav,0 4
00595281436.wav,0 4
00301724065.wav,0 4
00805549545.wav,0 4
00546552386.wav,0 4
01459380793.wav,0 4
00466551940.wav,0 4
01283185515.wav,0 4
01584809148.wav,0 4
01207015963.wav,0 4
01902181691.wav,0 4
02123351169.wav,0 4
02060582889.wav,0 4
00095179569.wav,0 4
00099138940.wav,0 4
00282547052.wav,0 4
01994960315.wav,0 4
00765603543.wav,0 4
01721675195.wav,0 4
01020726895.wav,0 4
01957618363.wav,0 4
02076147129.wav,0 4
01117638520.wav,0 4
00042059750.wav,0 4
00121452409.wav,0 4
01838109242.wav,0 4
01655626480.wav,0 4
00695338399.wav,0 5
01330652602.wav,0 5
00823768559.wav,0 5
01755669264.wav,0 5
01093802670.wav,0 5
01795134847.wav,0 5
01217604124.wav,0 5
01324579872.wav,0 5
01829516741.wav,0 5
00431698469.wav,0 5
00547754820.wav,0 5
01595665177.wav,0 5
01819207027.wav,0 5
00380514497.wav,0 5
01714835199.wav,0 5
00932024681.wav,0 5
00309779924.wav,0 5
00950694762.wav,0 5
00249099529.wav,0 5
00390917001.wav,0 5
01138180846.wav,0 5
01499630492.wav,0 5
00508739786.wav,0 5
00572242355.wav,0 5
00676018780.wav,0 5
01973862905.wav,0 5
00848996125.wav,0 5
00266685077.wav,0 5
00838099198.wav,0 5
01157499745.wav,0 5
00767277470.wav,0 5
01306802328.wav,0 5
01418810271.wav,0 5
00761801767.wav,0 5
00096177457.wav,0 5
01119451946.wav,0 5
00383340858.wav,0 5
02089815773.wav,0 5
00342711986.wav,0 5
00616792467.wav,0 5
00887693169.wav,0 5
01840926874.wav,0 5
01484903815.wav,0 5
01074302628.wav,0 5
02058642577.wav,0 5
00662466157.wav,0 5
01101131422.wav,0 5
00911396671.wav,0 5
01394158125.wav,0 5
00082201042.wav,0 5
00589929149.wav,0 5
02077382923.wav,0 5
00430259310.wav,0 5
00324388244.wav,0 5
00513816538.wav,0 5
00337958053.wav,0 5
00501336451.wav,0 5
01571144202.wav,0 5
01324273371.wav,0 5
00385361690.wav,0 5
01852098285.wav,0 5
00588559923.wav,0 5
00238432912.wav,0 5
00460863502.wav,0 5
01147033756.wav,0 5
01598341569.wav,0 5
01652013616.wav,0 5
01149654795.wav,0 5
00866518692.wav,0 5
01009849492.wav,0 5
02024109952.wav,0 5
00199746918.wav,0 5
00794666775.wav,0 5
02044939595.wav,0 5
01651121169.wav,0 5
00756550654.wav,0 5
01970183984.wav,0 5
01296257131.wav,0 5
01449592382.wav,0 5
00525847789.wav,0 5
01006282305.wav,0 5
01645350855.wav,0 5
00176102980.wav,0 5
02022036010.wav,0 5
01028562979.wav,0 5
00021460381.wav,0 5
00954100232.wav,0 5
01781863022.wav,0 5
01862324010.wav,0 5
00802714313.wav,0 5
01436475216.wav,0 5
01634923797.wav,0 5
01995763542.wav,0 5
00705598106.wav,0 5
00383017426.wav,0 5
00215285396.wav,0 5
00711436643.wav,0 5
00109287312.wav,0 5
01603439596.wav,0 5
00358095986.wav,0 5
02097453642.wav,0 5
02089674972.wav,0 5
01333240766.wav,0 5
00914898086.wav,0 5
01557825744.wav,0 5
01880313975.wav,0 5
00898485602.wav,0 5
01049838055.wav,0 5
00252654336.wav,0 5
00181758886.wav,0 5
01637734847.wav,0 5
01213753579.wav,0 5
00208090340.wav,0 5
00188457604.wav,0 5
00335661743.wav,0 5
00089502194.wav,0 5
00894941273.wav,0 5
01848821475.wav,0 5
01582791824.wav,0 5
01485126355.wav,0 5
01467048095.wav,0 5
00249170901.wav,0 5
01432131201.wav,0 5
01768509762.wav,0 5
00659323232.wav,0 5
00844553726.wav,0 5
00304218389.wav,0 5
01605431847.wav,0 5
01672688593.wav,0 5
01072266065.wav,0 5
01547241284.wav,0 5
00467533415.wav,0 5
01430445577.wav,0 5
00210658267.wav,0 5
01090584780.wav,0 5
00669106092.wav,0 5
01878743902.wav,0 5
02115896481.wav,0 5
01387913465.wav,0 5
01742370375.wav,0 5
01584248512.wav,0 5
01016534301.wav,0 5
01919669397.wav,0 5
01035529938.wav,0 5
02030325287.wav,0 6
02021629576.wav,0 6
00210517550.wav,0 6
00988951930.wav,0 6
00965658979.wav,0 6
02124134078.wav,0 6
00943416484.wav,0 6
01359833059.wav,0 6
01205454618.wav,0 6
00530656330.wav,0 6
01658188185.wav,0 6
01791198198.wav,0 6
00370929037.wav,0 6
01694852102.wav,0 6
01783339138.wav,0 6
00750773295.wav,0 6
00120315026.wav,0 6
00205769629.wav,0 6
01884502470.wav,0 6
01174441222.wav,0 6
00529370709.wav,0 6
00228261568.wav,0 6
00664084740.wav,0 6
01027318714.wav,0 6
00269132424.wav,0 6
01834887270.wav,0 6
01978536487.wav,0 6
01239516794.wav,0 6
00951433527.wav,0 6
01929157367.wav,0 6
00818623015.wav,0 6
00941420055.wav,0 6
00733138373.wav,0 6
02096214419.wav,0 6
01332100987.wav,0 6
01144783962.wav,0 6
01664933627.wav,0 6
00430414553.wav,0 6
00427266475.wav,0 6
00232643828.wav,0 6
01833887228.wav,0 6
01636246136.wav,0 6
00372265025.wav,0 6
00619642787.wav,0 6
00689743260.wav,0 6
02127254354.wav,0 6
00677748821.wav,0 6
00272872304.wav,0 6
02000927086.wav,0 6
00049574761.wav,0 6
01676981447.wav,0 6
01064918191.wav,0 6
00320114603.wav,0 6
00375868830.wav,0 6
01148307637.wav,0 6
00710444017.wav,0 6
01875701897.wav,0 6
02004494213.wav,0 6
00569747587.wav,0 6
00221919967.wav,0 6
01644219745.wav,0 6
02093684268.wav,0 6
01689001606.wav,0 6
01908282730.wav,0 6
00427075977.wav,0 6
00407560420.wav,0 6
00017476433.wav,0 6
00593593060.wav,0 6
00260446699.wav,0 6
01272984489.wav,0 6
01306935719.wav,0 6
00270525416.wav,0 6
01196849844.wav,0 6
01184429991.wav,0 6
01209194201.wav,0 6
01692262046.wav,0 6
02058890779.wav,0 6
01751934976.wav,0 6
01350269309.wav,0 6
01064724345.wav,0 6
00461220835.wav,0 6
01707199702.wav,0 6
00927824216.wav,0 6
00963449875.wav,0 6
00310506693.wav,0 6
00079211096.wav,0 6
00480444229.wav,0 6
02009244860.wav,0 6
00486574177.wav,0 6
01832486577.wav,0 6
01932261640.wav,0 6
01335878167.wav,0 6
01469179180.wav,0 6
01948202922.wav,0 6
01171799208.wav,0 6
01849297749.wav,0 6
01502357009.wav,0 6
01686195209.wav,0 6
00917563224.wav,0 6
01340846861.wav,0 6
00558574027.wav,0 6
00975569452.wav,0 6
00880759130.wav,0 6
00741530883.wav,0 6
01019380190.wav,0 6
01888827822.wav,0 6
00050341467.wav,0 6
01586880055.wav,0 6
00020559643.wav,0 6
02085454836.wav,0 6
00175308282.wav,0 6
01510145447.wav,0 6
01390696740.wav,0 6
00575964004.wav,0 6
02026689430.wav,0 6
00511099404.wav,0 6
00521908206.wav,0 6
01432874868.wav,0 6
00210262982.wav,0 6
01216577943.wav,0 6
00067051659.wav,0 6
00748964331.wav,0 6
00287471250.wav,0 6
01290594342.wav,0 6
01587703075.wav,0 6
01182517863.wav,0 6
00249862644.wav,0 6
01641374228.wav,0 6
00170127299.wav,0 6
01859954085.wav,0 6
00705858044.wav,0 6
00377016462.wav,0 6
01645470404.wav,0 6
00655708617.wav,0 6
01346877171.wav,0 6
01119843580.wav,0 6
02010700365.wav,0 6
01582695499.wav,0 6
00175022296.wav,0 6
00777880986.wav,0 6
01770052612.wav,0 6
01978997959.wav,0 6
01301364971.wav,0 6
00328747382.wav,0 6
00815495482.wav,1 2
01305384354.wav,1 2
00783110099.wav,1 2
00831674848.wav,1 2
00073732425.wav,1 2
00737282541.wav,1 2
01662190170.wav,1 2
02116651342.wav,1 2
00049826893.wav,1 2
00185773099.wav,1 2
01573868409.wav,1 2
01117707573.wav,1 2
00097976014.wav,1 2
00656877210.wav,1 2
01729374731.wav,1 2
01930935764.wav,1 2
00733488063.wav,1 2
01188385721.wav,1 2
01124904586.wav,1 2
02081829763.wav,1 2
01118113802.wav,1 2
01143575012.wav,1 2
00492283559.wav,1 2
01631666883.wav,1 2
00664914045.wav,1 2
00826371055.wav,1 2
01669137248.wav,1 2
01188165056.wav,1 2
00839628226.wav,1 2
02083600121.wav,1 2
02031412798.wav,1 2
00465536463.wav,1 2
00210455013.wav,1 2
00635325243.wav,1 2
00174004481.wav,1 2
00263429266.wav,1 2
01645854722.wav,1 2
01231335149.wav,1 2
00271020958.wav,1 2
00089355791.wav,1 2
00260165323.wav,1 2
00690469786.wav,1 2
01658796387.wav,1 2
01962111017.wav,1 2
01248289922.wav,1 2
00113143840.wav,1 2
01100147988.wav,1 2
00750878508.wav,1 2
00633384319.wav,1 2
01346070316.wav,1 2
00681822767.wav,1 2
00598640324.wav,1 2
01292150260.wav,1 2
01959284939.wav,1 2
00798638638.wav,1 2
00285113528.wav,1 2
01845045037.wav,1 2
01109753057.wav,1 2
00383702325.wav,1 2
00689636578.wav,1 2
02038386086.wav,1 2
01607544910.wav,1 2
00674775246.wav,1 2
01902838921.wav,1 2
00518229590.wav,1 2
00621014788.wav,1 2
01276318041.wav,1 2
00138705831.wav,1 2
00464657122.wav,1 2
01386354756.wav,1 2
00585890444.wav,1 2
00205717327.wav,1 2
00233490124.wav,1 2
01954216590.wav,1 2
02119659242.wav,1 2
01492697033.wav,1 2
01521658535.wav,1 2
01465748092.wav,1 2
01445408868.wav,1 2
01036106457.wav,1 2
01398898143.wav,1 2
01659910757.wav,1 2
01368118496.wav,1 2
00778671883.wav,1 2
00278237766.wav,1 2
00681989828.wav,1 2
00120550619.wav,1 2
00263633657.wav,1 2
01240525538.wav,1 2
00284271075.wav,1 2
01564188496.wav,1 2
00167984424.wav,1 2
01632932217.wav,1 2
00001969845.wav,1 2
01192280829.wav,1 2
01759753985.wav,1 2
00271251318.wav,1 2
00308575618.wav,1 2
01254223574.wav,1 2
01312059144.wav,1 2
01808861758.wav,1 2
00392096802.wav,1 2
01259901594.wav,1 2
00975812817.wav,1 2
00748553336.wav,1 2
00161102019.wav,1 2
00788865712.wav,1 2
02109111204.wav,1 2
00702285423.wav,1 2
00047407108.wav,1 2
02141533711.wav,1 2
01284121137.wav,1 2
00072700102.wav,1 2
01069260374.wav,1 2
00986282467.wav,1 2
00551087355.wav,1 2
00687583237.wav,1 2
02134741102.wav,1 2
01678840923.wav,1 2
02107405728.wav,1 2
01841178644.wav,1 2
01313952231.wav,1 2
01594470267.wav,1 2
00041619203.wav,1 2
00958898719.wav,1 2
00267033759.wav,1 2
00101017166.wav,1 2
01288830397.wav,1 2
01131192752.wav,1 2
02142369649.wav,1 2
00662743873.wav,1 2
00574426756.wav,1 2
00230196188.wav,1 2
00380216574.wav,1 2
01548423635.wav,1 2
00775689208.wav,1 2
01740208717.wav,1 2
01399859282.wav,1 2
00043476345.wav,1 2
01756815284.wav,1 2
00120789747.wav,1 2
01585788825.wav,1 2
01683821098.wav,1 2
01650803975.wav,1 2
01807406954.wav,1 3
00216778505.wav,1 3
00051317274.wav,1 3
00434197334.wav,1 3
01448594207.wav,1 3
00711036437.wav,1 3
01463059702.wav,1 3
01728660592.wav,1 3
00533018231.wav,1 3
01602135396.wav,1 3
01461635859.wav,1 3
00714218533.wav,1 3
00456164741.wav,1 3
00857790993.wav,1 3
00384509615.wav,1 3
00453690124.wav,1 3
00611448998.wav,1 3
00397836547.wav,1 3
00027473515.wav,1 3
01436722984.wav,1 3
01059152083.wav,1 3
01228750617.wav,1 3
02133640239.wav,1 3
01866540466.wav,1 3
00535806330.wav,1 3
00373784148.wav,1 3
01345183249.wav,1 3
00033332428.wav,1 3
01701642193.wav,1 3
01815239571.wav,1 3
01124631680.wav,1 3
01886369999.wav,1 3
01804886618.wav,1 3
01857986380.wav,1 3
02145450802.wav,1 3
01270581446.wav,1 3
00058550808.wav,1 3
02121667675.wav,1 3
01885482410.wav,1 3
00221392758.wav,1 3
00966701456.wav,1 3
02009869662.wav,1 3
00883203167.wav,1 3
01371519553.wav,1 3
02128873191.wav,1 3
00169550847.wav,1 3
00659098670.wav,1 3
00458767328.wav,1 3
00429560195.wav,1 3
01564104720.wav,1 3
00654907258.wav,1 3
00593182095.wav,1 3
00785466357.wav,1 3
01994878375.wav,1 3
02015822892.wav,1 3
01600915689.wav,1 3
02001202799.wav,1 3
01996958147.wav,1 3
02105143063.wav,1 3
00310477621.wav,1 3
00435144929.wav,1 3
00560740197.wav,1 3
00026977104.wav,1 3
00182631418.wav,1 3
01781562291.wav,1 3
00936002175.wav,1 3
01303668762.wav,1 3
01673682257.wav,1 3
01602703542.wav,1 3
00219622849.wav,1 3
00274480976.wav,1 3
01618633864.wav,1 3
01281649845.wav,1 3
01894606555.wav,1 3
00929914690.wav,1 3
00025059906.wav,1 3
00608825102.wav,1 3
01851487607.wav,1 3
01408784797.wav,1 3
01012996894.wav,1 3
00018658452.wav,1 3
01681012378.wav,1 3
00790698094.wav,1 3
02093184079.wav,1 3
02084849301.wav,1 3
00190270481.wav,1 3
01883440657.wav,1 3
01465776472.wav,1 3
00297986481.wav,1 3
01381999861.wav,1 3
01851639776.wav,1 3
01494885450.wav,1 3
02145196078.wav,1 3
01256435638.wav,1 3
01707471495.wav,1 3
01841688646.wav,1 3
01269735251.wav,1 3
00495238544.wav,1 3
02114705480.wav,1 3
00567962373.wav,1 3
01245227760.wav,1 3
00320329672.wav,1 3
00010876084.wav,1 3
01207197362.wav,1 3
01548915514.wav,1 3
02140610574.wav,1 3
01813245671.wav,1 3
00341093910.wav,1 3
02108384683.wav,1 3
01435601329.wav,1 3
00067153593.wav,1 3
01916878068.wav,1 3
01393654016.wav,1 3
01547574997.wav,1 3
00563359770.wav,1 3
00009162408.wav,1 3
00595393591.wav,1 3
01282994822.wav,1 3
01038855972.wav,1 3
01555637277.wav,1 3
00653535426.wav,1 3
01846175505.wav,1 3
02057463719.wav,1 3
01447064736.wav,1 3
00659537793.wav,1 3
01361891531.wav,1 3
01818025700.wav,1 3
01697839669.wav,1 3
01714375478.wav,1 3
01361631530.wav,1 3
00152129261.wav,1 3
00960635601.wav,1 3
01835714284.wav,1 3
01334560896.wav,1 3
00622531430.wav,1 3
01229211467.wav,1 3
00406034771.wav,1 3
01531133430.wav,1 3
01965798178.wav,1 3
00264571916.wav,1 3
00278688987.wav,1 3
00250209129.wav,1 3
00450768622.wav,1 3
02134119662.wav,1 3
01485306939.wav,1 4
00826084218.wav,1 4
01173255575.wav,1 4
01181164816.wav,1 4
00226707941.wav,1 4
01490251040.wav,1 4
01226934508.wav,1 4
00559900882.wav,1 4
00836359150.wav,1 4
00903331091.wav,1 4
01807803800.wav,1 4
01977853132.wav,1 4
00115278461.wav,1 4
00762254007.wav,1 4
02133742680.wav,1 4
00200648464.wav,1 4
01152764721.wav,1 4
01644457096.wav,1 4
01773753241.wav,1 4
01297983082.wav,1 4
01458503483.wav,1 4
00806310853.wav,1 4
00865456300.wav,1 4
01968630762.wav,1 4
01111064441.wav,1 4
01522972535.wav,1 4
01819201422.wav,1 4
02090433937.wav,1 4
01386571619.wav,1 4
01265972275.wav,1 4
00374777459.wav,1 4
00272900486.wav,1 4
00789827373.wav,1 4
00893320204.wav,1 4
01026630481.wav,1 4
00954839677.wav,1 4
01357084131.wav,1 4
00847104186.wav,1 4
00006065716.wav,1 4
01835246769.wav,1 4
01783328875.wav,1 4
00711111323.wav,1 4
01236040624.wav,1 4
00623502041.wav,1 4
02107520087.wav,1 4
00820684609.wav,1 4
00431144094.wav,1 4
00001764679.wav,1 4
01524384757.wav,1 4
00968824506.wav,1 4
01152822337.wav,1 4
01831781511.wav,1 4
01511450220.wav,1 4
00434437290.wav,1 4
01627612068.wav,1 4
00447984716.wav,1 4
00388360027.wav,1 4
00971678335.wav,1 4
00808708023.wav,1 4
00497040071.wav,1 4
00570931502.wav,1 4
01025098870.wav,1 4
01228163468.wav,1 4
00222418092.wav,1 4
01736272632.wav,1 4
00151605914.wav,1 4
02061621931.wav,1 4
00254792024.wav,1 4
01738476141.wav,1 4
00188346532.wav,1 4
00550853560.wav,1 4
00993334783.wav,1 4
00868914115.wav,1 4
00497115152.wav,1 4
02059828564.wav,1 4
00854380518.wav,1 4
01289076215.wav,1 4
01328274357.wav,1 4
01972838590.wav,1 4
00705715181.wav,1 4
01305912296.wav,1 4
02146521365.wav,1 4
00670655082.wav,1 4
00976727101.wav,1 4
00595713607.wav,1 4
00072327710.wav,1 4
00181533702.wav,1 4
01566529785.wav,1 4
00127398886.wav,1 4
01828072638.wav,1 4
00006143696.wav,1 4
01170861108.wav,1 4
00243554590.wav,1 4
01189026185.wav,1 4
01818883100.wav,1 4
01022176786.wav,1 4
01260427892.wav,1 4
00611753776.wav,1 4
02131003365.wav,1 4
00223255711.wav,1 4
02019953506.wav,1 4
01650152706.wav,1 4
00787392915.wav,1 4
00917438272.wav,1 4
01046005923.wav,1 4
00356358673.wav,1 4
00113450014.wav,1 4
01250778564.wav,1 4
00299901851.wav,1 4
00222365574.wav,1 4
00395375502.wav,1 4
00822655651.wav,1 4
02109843684.wav,1 4
02040358587.wav,1 4
00930625014.wav,1 4
00431437738.wav,1 4
00777292757.wav,1 4
01237305140.wav,1 4
00425255435.wav,1 4
01389048443.wav,1 4
00673089408.wav,1 4
00728532168.wav,1 4
00977058120.wav,1 4
01408554983.wav,1 4
01244196901.wav,1 4
00974392216.wav,1 4
00118062704.wav,1 4
00843310667.wav,1 4
01336499052.wav,1 4
01939374633.wav,1 4
02088598364.wav,1 4
00367360853.wav,1 4
01002118841.wav,1 4
00259350907.wav,1 4
00730304357.wav,1 4
00490233140.wav,1 4
01227410026.wav,1 4
01733631376.wav,1 4
01719458220.wav,1 4
00400726428.wav,1 4
00435565944.wav,1 5
01676607998.wav,1 5
00383585544.wav,1 5
01182520882.wav,1 5
00531941621.wav,1 5
01691657374.wav,1 5
00000181179.wav,1 5
01856786716.wav,1 5
00101943083.wav,1 5
00610758238.wav,1 5
00796598733.wav,1 5
01636587208.wav,1 5
01441815329.wav,1 5
00923595747.wav,1 5
01041589506.wav,1 5
00762274540.wav,1 5
00552621582.wav,1 5
00255212533.wav,1 5
00669441559.wav,1 5
00083407899.wav,1 5
00770012946.wav,1 5
00318087489.wav,1 5
01076159435.wav,1 5
01517805364.wav,1 5
01539263661.wav,1 5
01953720163.wav,1 5
01013482553.wav,1 5
00325990566.wav,1 5
00068425113.wav,1 5
00612223245.wav,1 5
00555956693.wav,1 5
02021674121.wav,1 5
00928498415.wav,1 5
01541986309.wav,1 5
01665361242.wav,1 5
01287202066.wav,1 5
00657336132.wav,1 5
01715156781.wav,1 5
00147333289.wav,1 5
00282939816.wav,1 5
01044968919.wav,1 5
00990732011.wav,1 5
01791646092.wav,1 5
00403584558.wav,1 5
01683925931.wav,1 5
01149316249.wav,1 5
02126555223.wav,1 5
01694396201.wav,1 5
01253118356.wav,1 5
01930640583.wav,1 5
00792089286.wav,1 5
01647568785.wav,1 5
00713184961.wav,1 5
01343603820.wav,1 5
00246347319.wav,1 5
01862980106.wav,1 5
00793158698.wav,1 5
00768312322.wav,1 5
00071563204.wav,1 5
00706393667.wav,1 5
02108065927.wav,1 5
01003811384.wav,1 5
02145427917.wav,1 5
00355704606.wav,1 5
01997376724.wav,1 5
00055559767.wav,1 5
01803428319.wav,1 5
00366153103.wav,1 5
00098223787.wav,1 5
00240259563.wav,1 5
01891623308.wav,1 5
01976218152.wav,1 5
00170522608.wav,1 5
00934596363.wav,1 5
00014099625.wav,1 5
00663191785.wav,1 5
01815993374.wav,1 5
00575437339.wav,1 5
00242336575.wav,1 5
00878966567.wav,1 5
01205420640.wav,1 5
01752258831.wav,1 5
00626404182.wav,1 5
01907739356.wav,1 5
00651981408.wav,1 5
01733633368.wav,1 5
00527227906.wav,1 5
02147242877.wav,1 5
01218664936.wav,1 5
00571205583.wav,1 5
00786957150.wav,1 5
00705218488.wav,1 5
00082073066.wav,1 5
01121973477.wav,1 5
00482738123.wav,1 5
01584903579.wav,1 5
00428997410.wav,1 5
00412891465.wav,1 5
01090964285.wav,1 5
01863672121.wav,1 5
01110975557.wav,1 5
00802782825.wav,1 5
00370355493.wav,1 5
01847460782.wav,1 5
02034658055.wav,1 5
01958593783.wav,1 5
00015033843.wav,1 5
00826490796.wav,1 5
01044794794.wav,1 5
00396239161.wav,1 5
00620560898.wav,1 5
00450906704.wav,1 5
00028204099.wav,1 5
01863846043.wav,1 5
01904402392.wav,1 5
00533535713.wav,1 5
01053622274.wav,1 5
00791944643.wav,1 5
01090049702.wav,1 5
01573394677.wav,1 5
01034655469.wav,1 5
00392226666.wav,1 5
02052525968.wav,1 5
00870034573.wav,1 5
00158459970.wav,1 5
00420405916.wav,1 5
01455724932.wav,1 5
00235463764.wav,1 5
00143590579.wav,1 5
01079548343.wav,1 5
01000097582.wav,1 5
00498793612.wav,1 5
01572389431.wav,1 5
00281178668.wav,1 5
00364176315.wav,1 5
01119801800.wav,1 5
01917039029.wav,1 5
01896863232.wav,1 5
01235893248.wav,1 5
00796695195.wav,1 6
02007163989.wav,1 6
00573962487.wav,1 6
00500991337.wav,1 6
00106977218.wav,1 6
01488924450.wav,1 6
00494137194.wav,1 6
01711781396.wav,1 6
01450759314.wav,1 6
01528180423.wav,1 6
01166490018.wav,1 6
01558899773.wav,1 6
01623057978.wav,1 6
01626358790.wav,1 6
00103387403.wav,1 6
01964636078.wav,1 6
00087317345.wav,1 6
01726755468.wav,1 6
01954457213.wav,1 6
01799547779.wav,1 6
00994623358.wav,1 6
01355081626.wav,1 6
01384131352.wav,1 6
00878434559.wav,1 6
00891320336.wav,1 6
00799784329.wav,1 6
00919109436.wav,1 6
01408312254.wav,1 6
01696454034.wav,1 6
01293663390.wav,1 6
00244248552.wav,1 6
01108160583.wav,1 6
01531716442.wav,1 6
01113260431.wav,1 6
00625364946.wav,1 6
00695312863.wav,1 6
00852143385.wav,1 6
01638114570.wav,1 6
01392625263.wav,1 6
00787324652.wav,1 6
00676859677.wav,1 6
01472264191.wav,1 6
00807370088.wav,1 6
01466680070.wav,1 6
01352895191.wav,1 6
00968123567.wav,1 6
00622029813.wav,1 6
00462532718.wav,1 6
00153936250.wav,1 6
01562735654.wav,1 6
01218462863.wav,1 6
00427104273.wav,1 6
00579616828.wav,1 6
00611526076.wav,1 6
00201663615.wav,1 6
00935506250.wav,1 6
00230266168.wav,1 6
00688656894.wav,1 6
01599526107.wav,1 6
01731025006.wav,1 6
01674991083.wav,1 6
01967691246.wav,1 6
01495423039.wav,1 6
00531443225.wav,1 6
02113417076.wav,1 6
00175615540.wav,1 6
00787293061.wav,1 6
00751952295.wav,1 6
00962774296.wav,1 6
00208744307.wav,1 6
01698495018.wav,1 6
00553338481.wav,1 6
00889915694.wav,1 6
01030799799.wav,1 6
01197165189.wav,1 6
00293991318.wav,1 6
00271506160.wav,1 6
02098763647.wav,1 6
00720798368.wav,1 6
00259047086.wav,1 6
00636136449.wav,1 6
00565293205.wav,1 6
02009730893.wav,1 6
01745192606.wav,1 6
00531702801.wav,1 6
00882718684.wav,1 6
01076069254.wav,1 6
00633833272.wav,1 6
00821367769.wav,1 6
01881206171.wav,1 6
01993281631.wav,1 6
00628111152.wav,1 6
01958537612.wav,1 6
01692418953.wav,1 6
01111111386.wav,1 6
01119352377.wav,1 6
01610570956.wav,1 6
00656859538.wav,1 6
01151823512.wav,1 6
01999083552.wav,1 6
01959548559.wav,1 6
00211655500.wav,1 6
00209953465.wav,1 6
00367845371.wav,1 6
02110927076.wav,1 6
00923952136.wav,1 6
01556918036.wav,1 6
01942124065.wav,1 6
02031195193.wav,1 6
00195203425.wav,1 6
01861098743.wav,1 6
00689075969.wav,1 6
01295600734.wav,1 6
01676617744.wav,1 6
01200286453.wav,1 6
02035379943.wav,1 6
00900531432.wav,1 6
00911033029.wav,1 6
01160344337.wav,1 6
00095826544.wav,1 6
00048756106.wav,1 6
01853214120.wav,1 6
00922037030.wav,1 6
02005504167.wav,1 6
00191736496.wav,1 6
01651456014.wav,1 6
01742307319.wav,1 6
01130384845.wav,1 6
01739628711.wav,1 6
00674468283.wav,1 6
00783820961.wav,1 6
01425465367.wav,1 6
01255176928.wav,1 6
